{
  "version": 1,
  "author": "Parth Pawar",
  "editor": "wokwi",
  "parts": [
    {
      "type": "wokwi-pi-pico",
      "id": "pico",
      "top": 0,
      "left": 0,
      "attrs": { "env": "micropython-20231227-v1.22.0" }
    },
    {
      "type": "wokwi-led",
      "id": "led1",
      "top": -42,
      "left": -130.2,
      "attrs": { "color": "orange", "flip": "1" }
    },
    {
      "type": "wokwi-led",
      "id": "led2",
      "top": -42,
      "left": -235.8,
      "attrs": { "color": "green", "flip": "1" }
    },
    { "type": "wokwi-a4988", "id": "drv1", "top": 81.6, "left": 120, "attrs": {} },
    {
      "type": "wokwi-stepper-motor",
      "id": "stepper1",
      "top": -101.99,
      "left": 202.03,
      "attrs": { "size": "17" }
    },
    { "type": "wokwi-vcc", "id": "vcc1", "top": -28.04, "left": 172.8, "attrs": {} },
    { "type": "wokwi-gnd", "id": "gnd1", "top": 163.2, "left": 229.8, "attrs": {} },
    { "type": "wokwi-slide-switch", "id": "sw1", "top": -24.4, "left": -92.9, "attrs": {} },
    {
      "type": "wokwi-resistor",
      "id": "r1",
      "top": 62.4,
      "left": -240.55,
      "rotate": 90,
      "attrs": { "value": "220" }
    },
    {
      "type": "wokwi-resistor",
      "id": "r2",
      "top": 52.8,
      "left": -134.95,
      "rotate": 90,
      "attrs": { "value": "220" }
    }
  ],
  "connections": [
    [ "esp:TX", "$serialMonitor:RX", "", [] ],
    [ "esp:RX", "$serialMonitor:TX", "", [] ],
    [ "drv1:2B", "stepper1:B-", "green", [ "h0" ] ],
    [ "drv1:2A", "stepper1:B+", "green", [ "h0" ] ],
    [ "drv1:1A", "stepper1:A+", "green", [ "h0" ] ],
    [ "drv1:1B", "stepper1:A-", "green", [ "h0" ] ],
    [ "drv1:VMOT", "vcc1:VCC", "red", [ "h0" ] ],
    [ "drv1:GND.2", "gnd1:GND", "black", [ "h0" ] ],
    [ "drv1:VDD", "esp:5V", "red", [ "h38.55", "v105.68", "h-259.2", "v9.6" ] ],
    [ "esp:GND.2", "drv1:GND.1", "black", [ "v0", "h28.8", "v172.8", "h67.2" ] ],
    [ "esp:4", "drv1:DIR", "magenta", [ "h19.2", "v19.2" ] ],
    [ "esp:16", "drv1:STEP", "orange", [ "h38.4", "v19.2" ] ],
    [ "drv1:SLEEP", "drv1:RESET", "yellow", [ "h-19.2", "v-9.6" ] ],
    [ "led2:C", "r1:1", "black", [ "v0" ] ],
    [ "led1:C", "r2:1", "black", [ "v0" ] ],
    [ "r1:2", "esp:GND.1", "black", [ "h0", "v18" ] ],
    [ "r2:2", "esp:GND.1", "black", [ "h0", "v8.4" ] ],
    [ "led1:A", "esp:13", "gold", [ "v0" ] ],
    [ "led2:A", "esp:12", "green", [ "v105.6" ] ],
    [ "sw1:2", "esp:GND.1", "black", [ "v0" ] ],
    [ "sw1:3", "esp:25", "red", [ "v0" ] ],
    [ "sw1:2", "pico:GND.3", "black", [ "v0" ] ],
    [ "r2:2", "pico:GND.3", "black", [ "h0", "v27.6" ] ],
    [ "pico:GND.3", "r1:2", "black", [ "h-217.2", "v-31.95" ] ],
    [ "pico:GP19", "drv1:DIR", "orange", [ "h0" ] ],
    [ "pico:GP20", "drv1:STEP", "magenta", [ "h0" ] ],
    [ "sw1:3", "pico:GP6", "green", [ "v0" ] ],
    [ "led1:A", "pico:GP11", "gold", [ "v0" ] ],
    [ "led2:A", "pico:GP12", "green", [ "v0" ] ],
    [ "pico:GND.8", "drv1:GND.1", "black", [ "h24", "v150.45", "h86.4" ] ],
    [ "pico:3V3", "drv1:VDD", "red", [ "h14.4", "v160.05", "h115.2", "v-57.6" ] ]
  ],
  "dependencies": {}
}