{
  "version": 1,
  "author": "Parth Pawar",
  "editor": "wokwi",
  "parts": [
    {
      "type": "wokwi-pi-pico",
      "id": "pico",
      "top": 0,
      "left": 0,
      "attrs": { "env": "micropython-20231227-v1.22.0" }
    },
    {
      "type": "wokwi-stepper-motor",
      "id": "stepper1",
      "top": -140.39,
      "left": 221.23,
      "attrs": { "size": "17" }
    },
    { "type": "wokwi-a4988", "id": "drv1", "top": 62.4, "left": 120, "attrs": {} },
    { "type": "wokwi-vcc", "id": "vcc1", "top": -66.44, "left": 192, "attrs": {} },
    { "type": "wokwi-gnd", "id": "gnd1", "top": 134.4, "left": 239.4, "attrs": {} },
    {
      "type": "wokwi-led",
      "id": "led1",
      "top": -61.2,
      "left": -82.6,
      "attrs": { "color": "red", "flip": "1" }
    },
    {
      "type": "wokwi-resistor",
      "id": "r1",
      "top": 33.6,
      "left": -86.95,
      "rotate": 90,
      "attrs": { "value": "220" }
    },
    { "type": "wokwi-slide-switch", "id": "sw1", "top": -34, "left": -131.3, "attrs": {} }
  ],
  "connections": [
    [ "drv1:2B", "stepper1:B-", "green", [ "h0" ] ],
    [ "drv1:2A", "stepper1:B+", "green", [ "h134.55", "v-57.52" ] ],
    [ "drv1:1A", "stepper1:A+", "green", [ "h0" ] ],
    [ "drv1:1B", "stepper1:A-", "green", [ "h0" ] ],
    [ "drv1:GND.2", "gnd1:GND", "black", [ "h0" ] ],
    [ "drv1:VMOT", "vcc1:VCC", "red", [ "h0" ] ],
    [ "pico:GND.4", "drv1:GND.1", "black", [ "h-54", "v83.25", "h220.8" ] ],
    [ "pico:3V3", "drv1:VDD", "red", [ "h33.6", "v112.05", "h96", "v-38.4" ] ],
    [ "drv1:SLEEP", "drv1:RESET", "green", [ "h-9.6", "v-9.6" ] ],
    [ "pico:GP20", "drv1:DIR", "magenta", [ "h0" ] ],
    [ "pico:GP21", "drv1:STEP", "orange", [ "h24", "v-12.75" ] ],
    [ "led1:C", "r1:1", "black", [ "v0" ] ],
    [ "r1:2", "pico:GND.3", "black", [ "h0", "v75.6" ] ],
    [ "led1:A", "pico:GP10", "red", [ "v0" ] ],
    [ "sw1:2", "pico:GND.3", "black", [ "v0" ] ],
    [ "sw1:3", "pico:GP9", "green", [ "v0" ] ]
  ],
  "dependencies": {}
}