{
  "version": 1,
  "author": "Parth Pawar",
  "editor": "wokwi",
  "parts": [
    {
      "type": "board-esp32-devkit-c-v4",
      "id": "esp",
      "top": 19.2,
      "left": -23.96,
      "attrs": { "env": "micropython-20231227-v1.22.0" }
    },
    {
      "type": "wokwi-stepper-motor",
      "id": "stepper1",
      "top": -121.19,
      "left": 230.83,
      "attrs": { "size": "17" }
    },
    { "type": "wokwi-a4988", "id": "drv1", "top": 81.6, "left": 139.2, "attrs": {} },
    { "type": "wokwi-gnd", "id": "gnd1", "top": 172.8, "left": 249, "attrs": {} },
    { "type": "wokwi-vcc", "id": "vcc1", "top": -28.04, "left": 192, "attrs": {} },
    {
      "type": "wokwi-led",
      "id": "led1",
      "top": -80.4,
      "left": -82.2,
      "attrs": { "color": "yellow", "flip": "1" }
    },
    {
      "type": "wokwi-resistor",
      "id": "r2",
      "top": 4.8,
      "left": -86.95,
      "rotate": 90,
      "attrs": { "value": "220" }
    },
    { "type": "wokwi-slide-switch", "id": "sw1", "top": 42.8, "left": -179.3, "attrs": {} }
  ],
  "connections": [
    [ "esp:TX", "$serialMonitor:RX", "", [] ],
    [ "esp:RX", "$serialMonitor:TX", "", [] ],
    [ "esp:4", "drv1:DIR", "magenta", [ "h48", "v-9.6" ] ],
    [ "esp:16", "drv1:STEP", "orange", [ "h38.4", "v-9.6" ] ],
    [ "drv1:SLEEP", "drv1:RESET", "yellow", [ "h-19.2", "v-9.6", "h9.6" ] ],
    [ "drv1:1A", "stepper1:A+", "green", [ "h0" ] ],
    [ "drv1:1B", "stepper1:A-", "green", [ "h0" ] ],
    [ "esp:5V", "drv1:VDD", "red", [ "h-47.85", "v38.4", "h288", "v-9.6" ] ],
    [ "esp:GND.2", "drv1:GND.1", "black", [ "v0", "h28.8", "v144", "h86.4" ] ],
    [ "drv1:2A", "stepper1:B+", "green", [ "h0" ] ],
    [ "drv1:2B", "stepper1:B-", "green", [ "h0" ] ],
    [ "drv1:VMOT", "vcc1:VCC", "red", [ "h0" ] ],
    [ "drv1:GND.2", "gnd1:GND", "black", [ "h48.15", "v0.08", "h19.2" ] ],
    [ "esp:GND.1", "r2:2", "black", [ "h0" ] ],
    [ "r2:1", "led1:C", "black", [ "h0" ] ],
    [ "led1:A", "esp:33", "gold", [ "v144" ] ],
    [ "sw1:2", "esp:GND.1", "black", [ "v0" ] ],
    [ "sw1:3", "esp:25", "green", [ "v0" ] ]
  ],
  "dependencies": {}
}